Unique id,Order_id,order_date_time,Customer Remarks,sentiment_score,Item_price,synthetic_amount,synthetic_merchant,channel_name,CSAT Score,risk_flag
1da719bf-1603-4db4-9a87-d2dea6f1cb78,d132d070-eeb1-449f-ac07-77727af2f2fe,2023-07-15 13:07:00,Damage Product Provide.. Not Solved Problem,-0.4129,43490.0,716.93,Automotive,Inbound,1,True
f2bb6f37-7bb8-45a7-a1b1-3f69f90a69ab,6589002a-cb23-4d62-95e5-8d79b000d71f,10-08-2023 15:52,Very bad costumer suport without resion cancel my odar,-0.4684,279.0,97.31,Electronics,Inbound,1,True
cbefc342-a258-405f-bc14-e9352746e87a,bf784379-4403-4d6e-8f6f-ca33bb71df4c,2023-07-22 19:11:00,To much careless and hopeless this system,-0.6705,419.0,100.7,Beauty,Inbound,1,True
3ff49b04-b911-4bb2-93a0-c82547a6f289,4edcf2ae-025a-4214-9ea5-219808a36026,2023-07-09 12:36:00,Very bad service and quality my problem is not slolve im not happy,-0.8588,11999.0,1766.07,Sports,Inbound,1,True
a5c1796a-4da0-4892-a34a-3e1da419fc75,7dd46c82-1908-49c8-a868-0ce0bbfb9095,2023-02-26 08:10:00,Sorry koi response nahi   call bhi cut gyi Sorry no response,-0.5994,1329.0,126.22,Home & Kitchen,Inbound,1,True
4244da01-0042-4e8c-99e4-9832c7582812,b87a6ea9-c642-4bd8-9b64-03731d1aeb0e,08-08-2023 22:18,Something went wrong with call and without giving solution. But he did not try to reach me again.,-0.4871,549.0,187.88,Clothing,Inbound,1,True
9b9dfc26-1906-4385-aa30-0924af87ce13,d537355a-19a1-4c1c-82e9-3ad0d62eeefd,,Very bad quality,-0.5849,,279.39,Sports,Email,1,True
ee4615c9-278b-4386-a145-1df11ddb6258,04151601-935c-4cf2-a162-e51282f812f9,2023-08-03 13:07:00,Worst experience since last 5 or 6 purchase this time I m going to consumer form.,-0.6249,296.0,25.16,Sports,Outcall,1,True
f576c8b2-c954-44e6-b8b0-2005efedc118,a73ec7fd-180d-44e3-8554-080eb07ed68d,2023-07-19 21:04:00,Waste for requesting anything,-0.4215,31999.0,548.88,Home & Kitchen,Inbound,1,True
f8e2bbb7-425e-4a64-afc7-83f3748e05ee,3aa73ffd-3f64-4e7b-baaa-e22aff262411,2023-07-18 10:03:00,Worst worst??????????????experience,-0.7236,51990.0,1911.97,Automotive,Email,1,True
e0879891-320b-4f1d-ba52-9a649a1df150,ec25c088-b8d3-4048-8f0b-76b7e8897e8f,15-01-2023 22:19,I\u2019m not happy,-0.4585,48990.0,198.46,Automotive,Outcall,1,True
a87bd431-5d21-40bf-a2f6-117ab86cded5,4e3c80d7-dfb5-4f14-84bf-8ccd8339cb17,25-07-2023 19:16,Poor service only sold bad return policy.,-0.765,999.0,518.46,Books,Inbound,1,True
17ed55c1-efcf-4a74-9000-961372a0a1e8,865a0691-3751-4108-bc37-22b89f601f73,,How Shopzilla can impose no return policy on the wring product deivery?,-0.5267,,513.01,Clothing,Inbound,1,True
5e74ad97-b884-436c-92d3-79f2cfdde415,2e63aa9e-978d-474d-a8ff-25e08fd1e273,07-08-2023 16:04,Very bad experience instead of SuperBuy,-0.5849,27694.0,1929.01,Home & Kitchen,Inbound,5,True
b8ef99c0-4b5a-4eb0-9ff3-d7e08b1d6288,24f9f4da-df1c-43a8-bf79-d023075fc0cb,2023-07-24 11:14:00,my return issue has taken more than 7 days and still pending. very disappointing.,-0.5413,1949.0,443.06,Clothing,Inbound,1,True
9bde3c39-458d-46c3-b4c8-50e9f2cc7e87,10569b13-921a-40ec-8641-cc0035412dde,,Executive was not able to tell me the reason why the return request was cancelled. He just simply created another return. Not happy with resolution,-0.4585,,319.62,Beauty,Inbound,3,True
781dd601-c4b9-47f4-9531-d2fb7ddcd8c3,5d753eeb-26c2-4244-9804-8266e1a5c29d,09-08-2023 07:35,Delivery system not good. Please improve it.,-0.6979,32990.0,164.41,Automotive,Inbound,4,True
46900bd1-b10d-4341-b3ba-64a7a7f71d49,0c538de2-c6a9-4958-8e65-b43a8d4a7028,31-07-2023 11:10,Poor service from u,-0.4767,598.0,196.85,Home & Kitchen,Inbound,1,True
fd669986-b982-4281-98de-2f6889f6603c,2c05966a-ccf5-40ce-b1e1-057995d68f12,,Not happy Shopzilla return policy,-0.4585,,677.83,Automotive,Inbound,5,True
f8d5055b-9cbf-4398-b723-2f5a3bce866b,aea5f4f5-667c-48e4-ad87-a5da34a1bfbd,11-08-2023 14:00,It is vary worst service proving Shopzilla,-0.6249,1579.0,95.62,Beauty,Inbound,1,True
d94dec39-e6bb-4471-8301-d88daa93ec31,912d9089-95e2-40d8-b550-b5e547865e60,,Very bed very bad& poor,-0.5233,,1329.71,Clothing,Inbound,1,True
665b659d-dffd-479d-bd42-3528f4603faa,80f84285-8807-4044-b920-71df086e2f7f,,I am shared my all problems without any douts. Love conversation.,-0.5673,,625.29,Automotive,Inbound,5,True
8fee4fcd-ae1b-46be-af86-60538450b807,11324177-5f32-4af0-b459-71830ee3d4f2,07-08-2023 17:47,So plz mujhe mera amount dal di sound and baise achha   aur sound of is so Bad aap mera amount kar dijiye,-0.5991,4498.0,50.49,Beauty,Inbound,5,True
9308ec8c-1f58-4ee9-b93c-63e18149409b,1da8e641-7356-4699-82fe-7ca5617b9567,07-08-2023 02:13,"Problem still pending, if at all return window of 10 days gets over, I shall not be held responsible",-0.5664,3039.0,178.2,Automotive,Inbound,1,True
af5a7510-9071-40bc-b432-ab3c2684a0fe,c87915cf-ff43-4ae5-9bb3-319ebd284c18,2023-08-05 12:06:00,Very poor response,-0.5256,581.0,25.77,Beauty,Email,1,True
ddfd0c41-27df-4a86-9cc9-3a6564b64d33,3dc11a3c-477d-4e83-a606-ed17e723c2f8,11-08-2023 22:47,very bad Shopzilla concern team not supported me,-0.6961,1499.0,177.89,Sports,Inbound,1,True
bf74740d-8e1e-4bf6-a8ea-999ea60ad395,aebc6c4f-35c4-46d1-ac5e-4318a5e8315a,,Bad service Shopzilla,-0.5423,,1063.78,Home & Kitchen,Inbound,2,True
4eb4aced-57b2-43ff-9764-f2d039c5afd2,d40ce851-585c-41b2-ae54-b7977b39bce3,07-08-2023 14:13,Very Very bad experience,-0.6214,14999.0,496.09,Automotive,Inbound,1,True
4b898cbf-9e4d-418c-9f8c-8a96258f98f1,888cbc54-d328-45a4-8808-30257f4e0cf7,13-07-2023 21:26,Some times damaged Products are receiving.,-0.4404,300.0,71.96,Books,Inbound,5,True
5b571035-67b3-4869-9dc0-8bafbacda913,66934042-3862-4d9e-af52-d6b829043659,15-07-2023 01:51,I am continuously raising complaints on Shopzilla regaridng my issue but it has not been solved. My return item was to get pickedup on 7th August but today it is 14th August and still no resolution,-0.7069,16990.0,160.37,Automotive,Inbound,1,True
6e0b9cb5-ceff-44c2-bc56-a6f699cbfe80,5806627a-de88-418e-b6a8-0c757ffbf6b1,10-08-2023 00:28,"Bettry backup verry poor, only one day bettry backup, bedout fone connect, product is waste, my problem is not solve, I m so said, no custembercare support, your technation verry Frod",-0.8389,6995.0,136.05,Automotive,Inbound,1,True
44c130e9-73f5-4f21-ab83-18f34edf83c3,48f1aa5c-8304-4a7c-bfd3-acf4d2f22439,03-07-2023 15:49,"Customer support executive not help to resolve buyers product problem, they make only time pass of buyer and after few days to cancelled return and refund request of buyers. My damaged product price was rs. 2999/-i got loss of rs 2999 because of no proper support team. They only lie only with buyer and request for good feedback from buyers before resolve the issue",-0.8139,2999.0,45.93,Electronics,Inbound,1,True
ba88496c-37bb-49e2-a254-fc6cc9cce39d,062495a2-04c9-4e7f-96b5-33dc742e48d9,,Call cut Diya hai me police complaint,-0.5106,,1110.15,Beauty,Outcall,1,True
d9d7f4a3-65d1-4049-b1c1-c6f4fcfc676c,56fe3721-6b3b-4550-a4f4-a76614acd9a2,29-07-2023 18:23,poor,-0.4767,1599.0,136.38,Clothing,Inbound,1,True
952d902f-5b31-46bf-b98a-6a875ad16748,9b959464-ed26-4ddd-aa09-34a212420c9a,,No problem,-0.5994,,455.29,Sports,Inbound,5,True
4dcdbe79-ca52-423d-b989-5896da46fe85,0acc8a04-bda8-4716-937f-abc83f33b41a,11-08-2023 14:20,Fraud with us,-0.5859,23999.0,138.36,Clothing,Inbound,1,True
0aac38dc-f717-45fa-b012-235d6433a6fe,90d8a281-4ea2-4e39-879e-49bd1cd41e9e,2023-07-15 02:04:00,Bad service and call disconnect time loss please Shopzilla aise service providers socha nhi th,-0.5423,189.0,1290.25,Beauty,Outcall,1,True
134123ba-ed26-4f60-b6f3-4c48d3830478,a994d339-e9fa-49e2-b6ca-97de85f328d9,24-07-2023 23:05,Installation denied,-0.4404,2227.0,120.97,Books,Inbound,1,True
678efe79-7cde-42e9-8ed2-c2b0afc1ab98,ad922cce-6ff6-4e69-ad72-91a1c646087b,03-08-2023 11:05,I connected Shopzilla customer service several times regarding the delivery of my lenovo loq laptop but there's no improvement in delivery timeline i want my product earlier from the date of delivery but you not help me after my request i am very dissatisfied with the delivery and customer service of Shopzilla next I think twice before buying anything from you very poor logistic services,-0.8647,78990.0,169.94,Clothing,Inbound,5,True
dbbb991b-0a39-4998-b189-8270654e46b1,30955320-7922-431c-ba3d-6dab22ce2cc4,07-08-2023 15:21,"Your services are getting worse with every passing day, specially your logistics services are pathetic, they don't bother to even respond to the customers call, they never share an update about the delivery if there is any delay only the customer needs to put an effort and reach to customer service team and deal with dum people who don't understand anything and keep on repeating the same lines again and again. Improve your services, if you really want to work on your service team listen to my last call.",-0.6552,673.0,9.72,Clothing,Inbound,1,True
2dd591b8-6003-4dc9-9277-24002c271436,c9e71699-6d72-4c4d-a8d8-58cbeb01cfd4,03-08-2023 16:55,"Even after taking a lot of time, my problem could not be solved. I ordered a torch light which I received on 9th but this product is not working I request returns but now till not return ????",-0.4968,1400.0,72.61,Automotive,Inbound,1,True
53d9a0a0-b23c-4864-8225-9c4226d24508,bb3749ae-5281-4eee-b628-77ce1242aaf1,,Some items repeatedly come of wrong brand due to which we customers face a lot of trouble. The company has to ensure that the item ordered by the customer is delivered to the CM customer.,-0.4939,,249.31,Automotive,Inbound,5,True
b2660748-dba3-42bd-82a1-cb12c3484c3e,54fdd6ed-9ebc-430d-9719-f45a22be4827,2023-08-09 08:09:00,Very bad company,-0.5849,389.0,196.39,Sports,Inbound,1,True
c047803d-bd3f-4a24-8f4d-2d6abe182b6f,672bc0e2-1eb6-4b47-a22e-8810e9dde8b0,2023-07-15 19:19:00,": Unresolved Issue and Formal NoticeDear Sir/Madam, I am writing to bring to your attention the ongoing issue I have been facing with my recent purchase from Shopzilla. My order was placed on 15th of July, and since then, I have been diligently trying to connect with your customer service team every 3rd day in an attempt to resolve the matter, but to no avail.The timeline provided by the service team for resolution is not acceptable to me, and it has caused undue inconvenience and distress. I have already submitted the DOA certificate from an authorized   service station, along with a photo after packing the faulty laptop, on 31st August. The customer service team assured me that I would receive an update within 24 to 48 hours. However, to my disappointment, there has been no response or progress in resolving my issue since then.I demand a new replacement laptop to be delivered to me within the next 24 to 48 hours. In the event that your company is unable to adhere to this reasonable timeline, I request that you promptly inform me of the same. If my issue remains unaddressed and unattended, I have no choice but to resort to legal action by submitting a complaint to the consumer court.",-0.9727,55990.0,160.15,Home & Kitchen,Inbound,1,True
de4866a7-261a-4026-b0af-a03b6d7bdb44,a6d31e66-ce3e-4753-9f5c-98f0e30bef2d,05-08-2023 23:03,"Product packaging and logistics needs to be improved, most of the time product getting damaged because of bad handling.",-0.5106,679.0,143.86,Clothing,Inbound,3,True
47c6058b-f0c8-4db6-bb40-eea1dac16eb7,59a7f050-96fa-4ccf-a4af-b4e4d4715c57,2023-07-15 17:32:00,First understand our problems,-0.4019,7299.0,1511.3,Home & Kitchen,Inbound,5,True
36a69eb7-526a-4893-8b76-d2b94b8908a5,575b13e1-a2f5-4353-9d8d-da10c880a700,,Fraud providing by providing false information to people making them fool,-0.7717,,1380.33,Home & Kitchen,Inbound,1,True
cbfb9e64-d744-4a35-9229-1ae2b13e2a16,a2838848-00e4-4e6c-8d8b-7c1334a5cf10,,Your customer care executive cut the call when she was not able to help me with my query. This is totally unacceptable.,-0.5348,,782.27,Electronics,Inbound,1,True
b6cf302a-3e95-407d-a5f6-49ec5ea0e330,4e6d4c7d-b669-450b-abde-ff3394224292,08-08-2023 11:08,YOU are a mess. **ing bastards selling used and fake products from unprofessional sellers and looting people with poor after sales support.,-0.9231,25999.0,775.9,Automotive,Outcall,1,True
3f646626-62aa-4fca-baa3-2b835df00f55,1eeb4316-0951-4853-a224-107076b8c51e,,Worst service Shopzilla waste..,-0.6249,,1928.3,Electronics,Inbound,1,True
680398ce-ed0c-4320-972a-4e2d4b425462,0ca3ccef-494c-45ce-afd1-11d7179e0a1a,2022-09-30 09:32:00,Worst experience,-0.6249,2599.0,196.88,Books,Outcall,1,True
a878f5e5-13df-47c8-90aa-5d300f4817ff,00d76c6a-a84e-48a8-95ba-9ccef1f861e9,2023-04-26 22:04:00,Pathetic service's,-0.5719,28999.0,45.75,Automotive,Email,1,True
a513a79d-dd6f-45da-bb45-510a1d5b78ed,52973a1d-50f9-4100-81d9-9a1b11438f23,,I have a missing item from order and there is no option to raise queries fro missing item,-0.6808,,475.02,Beauty,Inbound,3,True
2010f76a-5288-482a-99a9-c3021dcf5b2f,39e556da-572c-48d4-81a7-831ace1923f0,2023-08-24 17:26:00,Very poor delivery service,-0.5256,484.0,150.34,Electronics,Inbound,1,True
7ce98c70-b2d9-4cb5-bee5-61d0b2d759c8,02128f1e-2e00-4ac8-a3b7-6c91950d8691,,Product is not ok kindly refund my money,-0.5448,,325.23,Automotive,Inbound,1,True
200e7b4f-4549-469a-a91c-65d03a86e488,ed892967-a9ae-42b0-9440-2c55f0bca230,2023-07-13 21:02:00,"You've sent us a messageToday, Aug 07 05:20 AMDear Shopzilla, i got damage and defective item on 20july2023. Same day I requested for return and need replacement. My replacement order came on 25 july 2023but delivery boy denied for delivering. He told we have to come in their office for collection of item. Again he canceled our order. I complaind, and put a return request again , my replacement order again came on 27 july2023 but again delivery boy refused for delivering. And he canceled our order. I complained again. 0n 01aug showing my query resolved on your application. I again complained, i did not get any product. I was very disappointed, i need my refund. I again put complained for refund. Again delivery boy did not come for picking up my order and canceled my return request. I agained complained. Every time Shopzilla showing my query status resolved but i did not get any help for come out to this",-0.9785,1177.0,440.33,Electronics,Inbound,1,True
97650d9f-53b8-474e-bf24-729f51572045,8b851253-a041-4f43-a8d1-56b40cdbb385,2023-07-18 23:50:00,Worst experience and as a Shopzilla plus member I'm really had a worst experience with this product,-0.8583,879.0,141.01,Sports,Outcall,1,True
ee61f667-7525-47f1-a939-ca227937aa85,77311d95-461b-4a38-b8bf-36b778ae8b5a,,My ear drop with charging problem,-0.5859,,753.54,Automotive,Inbound,1,True
4883d0f6-a54e-43fc-a50f-7a9a64e85a97,f083af2b-7fd3-4683-8dc9-37dc2d0be072,21-08-2023 20:17,Display the updated information on the app like live tracking of the ordersDelivery time was very late totally upset with the app Customer care was doing their duties but the app developers were too bad,-0.6096,362.0,56.54,Home & Kitchen,Inbound,3,True
48af0009-ac2e-4029-a9d5-83864fa2db07,6763f4a7-58cf-4241-949c-1e7c868fe781,,Thnx sir   mery problem smjne k liye,-0.4019,,714.0,Books,Inbound,5,True
d872a25e-2c1e-482c-b0a5-5048a0ec26a9,8fd7bfde-4462-4685-989b-a876c69a7c18,2023-08-01 17:51:00,Wasting time so much not response properlyProduct so much delay,-0.6461,210.0,1866.42,Beauty,Inbound,1,True
dbc65cf2-f575-4dd7-8b2b-da8082a280fd,3941e1e2-7bfa-481d-b8cd-bf9d17e6f54e,,No Trust Shopzilla it's totally froud company.Why I say that use of   because Shopzilla senior authorities is illiterate or bulsit.Why my problem not solved last 2 months and Shopzilla authorities waiting for next 48 hours daily.I leave Shopzilla app and no trust.In Instagram and Facebook share   total froud ecommerce sites.Why you directly contact seller and against action on seller complete pickup in 10 days in any condition.  not complete pickup in 10 days Shopzilla directly   initiate.Please create new policy for customer help.Customer is king okay not illiterate or begger.You didn't help many customers Shopzilla ecommerce sites losses and in future Bankrupt.,-0.8004,,644.24,Home & Kitchen,Inbound,5,True
ed0f06df-235f-4006-af4a-f8fa3a903d52,5001a05c-e876-43ad-9a34-754f57429566,,Worst service ever,-0.6249,,453.6,Electronics,Inbound,1,True
6d4bae77-1925-4ed1-95e6-de9343148f93,d06f9157-75da-4433-ad52-2f4764567bf0,09-08-2023 16:14,"This Representative   Aa Gaya Isse Kuchh Solve Hone Wala Nahi Hai Bhai Tu Ghar  ,   Se   Mang Nahi Sakta Or Hamse  ,  To Pata Kar Ki Delivery Boy Ne Delivery Ke Waqt Photo   Ka Bheja Hai kese Aadmi Ho Yaar   Ki Galti Tu  ?   , Galat Cherz   , Or Ek Baar Review Section Me   To Le Bhai Ki    Ne Jo Item Kaa  Naam Likha   Me Kisi Customer  ? EK do   Pro Plus Mila Hai Baki Ka? To aesa bhi ho sakta hai na ki aap kisibhi    pe nazar nahi rakhte, kal koi aake watch ke box me drugs daal   aap hamse hi proof mango ge?   problem  solve karna nahi aata hona  to kripya ghar pe baithe = or dusri baat aese fraud seller logo   hi chahiye",-0.7059,1499.0,133.64,Clothing,Inbound,1,True
cf85c06b-30bd-4b4e-853f-618828ba117e,b0038568-ce88-446b-8407-fe188f6b1944,05-08-2023 18:01,Very bad experience,-0.5849,260.0,72.35,Electronics,Inbound,1,True
c3b829c0-e304-4eff-93c4-a6f80bf3db26,060698c2-b6b4-45fa-aa1c-ca4964550265,03-08-2023 20:33,Just stop doing fraud with us.,-0.7184,211.0,53.33,Clothing,Inbound,5,True
ea28b25a-b34a-4f7d-aa9b-d862c7f31250,f8ca6c7c-a77e-4ab7-ae2c-8548dcb3f981,14-07-2023 07:59,Aacha se hamse baat kya aur mera problem   ka koshish kya,-0.4019,399.0,412.2,Automotive,Email,3,True
b25c3c75-443f-4c37-b3f7-5c912418de5b,55dbd4d2-dc28-45e5-bc74-bde373072182,04-08-2023 15:12,My problem not resolved yet,-0.497,1399.0,53.78,Books,Inbound,3,True
26a74db3-abca-4adf-9de0-b9ac08216dd3,bab401cb-672c-49c8-8bcd-67c704b89108,2023-08-17 12:12:00,"Worst Assistance , I have asked him to create new case he didn't created a case and he provided me different case I'd.",-0.5775,10999.0,163.94,Automotive,Inbound,1,True
a484327e-3a59-4ec0-8b8e-eb04fe912b60,2cd7de61-08fe-4065-88dc-bd204d6f89f4,2023-06-18 12:07:00,My issue not resolved ..i m seller more time colling but seller side not responding....i m charging cable not work I m facing big problem,-0.5871,312.0,502.29,Clothing,Email,1,True
c442999f-d7c5-4e85-a44d-35e1a9d7f920,93619543-42b9-4257-93ab-158f33918ab5,2023-07-29 10:00:00,Problem not resolved,-0.497,599.0,150.93,Electronics,Inbound,1,True
8de2449b-acbb-40fc-a076-7a79519215f6,b355c2c7-cd18-4a8e-bb90-bc7372d9f1da,2023-08-12 19:46:00,Worst experience from delivery side,-0.6249,15999.0,17.29,Automotive,Inbound,1,True
57f546cc-a72a-4694-895a-f50826da688a,cc8b3a0e-35c5-4904-9fcb-8df15cc01870,03-08-2023 12:18,Providing a worst serviceCan't able to deliver products on time,-0.6249,1299.0,98.94,Electronics,Inbound,1,True
98c3f0a0-1688-4594-b34b-008f4f7dbbf6,1a28d1e5-7c6a-4ad8-9898-e7f63c4c6488,,Fraud,-0.5859,,1209.13,Automotive,Inbound,1,True
4784181e-44f2-4b3a-870e-76246b668c11,82fdc834-ac8c-4411-a41b-f33e0bec8d33,2023-08-13 07:09:00,Worst service and policy. Never recommended to anyone. Worst means worst. Very irritating for customers. No worries about customer not customer centric,-0.969,261.0,21.08,Automotive,Inbound,1,True
3963c860-3911-4c02-95ea-b7697860068a,e222e9d0-1674-4040-8006-1b4fc771afda,01-08-2023 02:08,"My issue was to be resolved by 9th Aug but unfortunately on 11th Aug the issue is not yet resolved instead made it worse... pathetic... Shopzilla is getting worst, there is no value for plus customers",-0.7935,1899.0,133.09,Books,Inbound,1,True
3145373a-bcee-4e2c-be55-109b3a5eb242,d79fb1a7-bb24-4122-9c67-19e414e4f42d,03-08-2023 23:22,I not happy with your service,-0.4585,1064.0,42.06,Electronics,Inbound,1,True
7056674f-92cb-4877-a6cb-5cda2f3a148f,b7f75a6c-f80a-4e87-970e-8371cc043fbc,,Fake customer executive given details...fake products Shopzilla dilivered to customer,-0.4767,,521.62,Books,Email,1,True
14f4253e-76c9-4ff4-bc9d-ed6bab941d49,00da1773-193a-428c-941c-700d53b91326,,"If any seller is unable to fulfill any order, atleast Shopzilla should take an owner ship, to provide some resolution. Very bad policy, no any exception available for customer.",-0.5198,,1319.46,Automotive,Outcall,1,True
fe3ab569-0898-4481-b8b3-b9f2e8b8107f,e774acde-ffd8-4665-95b4-7da419de597a,2023-07-16 02:46:00,Very worst service in form of providing a solution........,-0.659,273.0,87.43,Clothing,Outcall,5,True
afa0f7c5-6abd-4df4-968d-252dcc4f775d,635bd191-6a4b-4734-bcc3-ac9d56ecb152,2023-07-25 19:45:00,Very unhappy with your service,-0.4754,339.0,109.25,Automotive,Inbound,1,True
29dc7aab-cb8b-4e6c-b822-f830777d3da7,f3560dd7-cc69-4321-955b-dfbc3355e859,08-08-2023 14:10,sometimes people make fake returns and try to fool Shopzilla. because of this real people face problem and have to prove that things gone wrong. please do a favour with geniun people,-0.765,1598.0,48.35,Automotive,Inbound,5,True
c17ce523-4cda-40bb-bc81-b103352d7b6e,34904080-3f66-41a6-ade8-c763a4c76e03,,"FOR NON-RETURNABLE ITEMS - RETURN POLICY IN CASE OF GROSS VIOLATION LIKE WRONG PRODUCT , OVER CHARGE , VENDOR MISCHIEF LIKE SHORT DELIVERY ETC SHOULD BE STRAIGHT NO HASSLE RETURN .",-0.802,,349.7,Beauty,Outcall,5,True
58b29a08-d95e-4493-8328-e29ca77ef829,3841b449-7e38-42e5-9e8f-efdcd7df23e0,05-08-2023 08:23,"Block irregular seller ,those who irritated customer",-0.7096,799.0,27.63,Beauty,Inbound,5,True
b44fe466-9aa3-40f6-9afb-9b366c6d716e,a33dda7c-e918-4b6e-bea4-9243a411936e,2023-06-30 19:11:00,Very poor service,-0.5256,29999.0,68.65,Home & Kitchen,Inbound,1,True
275c8f4a-a9fb-4858-a822-bfc8c1742a9e,0d318937-8999-4c41-968d-aedf9f5e0431,2023-07-31 07:18:00,Still my problem not solved.,-0.5445,1519.0,67.79,Home & Kitchen,Inbound,5,True
afe4b9ff-d027-492f-abf7-ac966a946a40,a9cf0bcc-f490-4916-9f39-5b255a2c18e3,03-08-2023 20:44,Your wishmaster is very fraudulent without any contact he cancelled the pick up request and not picked phone anytime,-0.6697,1999.0,1447.53,Automotive,Inbound,5,True
5b786d51-c90d-4a91-83d6-57fec63d6003,29b88e4a-34a3-490d-a0f7-a270b1caca73,,"Only good conversation is not matter, with this product I m suffering from more than a month still you guys are just escalating and trying but as a customer I m suffering which is very bad experience for me.and if I m not got the solution this is the last order from Shopzilla.",-0.9173,,1128.66,Beauty,Inbound,1,True
6258cdff-0405-479a-8ee1-bb3e8111a63b,096c83fc-40d6-45e6-a81a-106357d85d47,01-08-2023 10:19,"You all are basterd, mother **ers. I shoe you bloody sister **ers.",-0.4404,3249.0,58.7,Books,Inbound,1,True
d223e061-4d40-4701-b928-0a5aa41287d0,b49c4f21-fdb6-44ee-ac38-3e64c7e0bf66,12-08-2023 15:25,Very bad experience ??,-0.6313,260.0,474.87,Electronics,Outcall,1,True
b1c2f436-730c-4db1-8447-a7aaeb072427,76c2582c-db9b-43be-9007-3a7159c08a82,22-07-2023 16:12,I have faced worst experience of purchase. From I ll not buy from Shopzilla.,-0.6249,9499.0,167.42,Books,Outcall,1,True
ff11048a-7044-4fc8-b6b6-9ddc5a34f621,ca9f4b40-b556-43d1-a936-1c25ca99ad38,,Very bad,-0.5849,,325.78,Sports,Inbound,1,True
3a45804f-05b6-4435-bcbd-9b4652249731,22316ced-0ae9-47a1-b8d8-479e73ad3e6f,,Very bad service,-0.5849,,692.6,Books,Inbound,1,True
74132c75-689d-4c3a-b15d-d047cdd6f3c7,403f6819-756a-40b0-8f1e-59ead76f101e,,Worst experience of Shopzilla with my product,-0.6249,,1351.9,Beauty,Inbound,1,True
919ee861-8efa-4dfa-9c28-ed7f96c3cf47,9aa3f624-d247-46b0-a358-69132972a948,,totally misleading,-0.4576,,1759.65,Books,Inbound,1,True
0630640a-99b0-4966-b2b2-efc1f4451eb5,9b6eb8e9-8828-4334-9eab-ea184a2d4a1c,25-07-2023 21:23,"every thing is very poor , i am not satisficed with Shopzilla  and i have write a Email to consumer forum",-0.5256,1499.0,142.59,Books,Inbound,1,True
01c19b11-e634-4f38-b9d6-cb2ce14a1a0a,20fd4493-de12-44e8-9eba-bf4ff385cddf,,Very bad ????????????,-0.6959,,712.79,Automotive,Outcall,1,True
4bf72045-7584-4105-a81a-a4910525d3ab,eb0831bd-27bc-44c1-b974-7ce523240296,01-08-2023 07:27,I am not happy??,-0.52,1499.0,65.51,Automotive,Inbound,1,True
12433cd1-04c8-4fa3-af32-f535da0ec858,c63183a9-d6fc-4bb0-8cf9-66c5cea5c8cf,,Not happy after sales service,-0.4585,,518.75,Clothing,Inbound,2,True
15c61b8c-cab1-4fd8-ae72-f479279c1504,2f997a22-ac45-451d-b69f-26c5c26f3d49,,Very bad experience,-0.5849,,1786.83,Books,Outcall,1,True
894a097c-9450-43a1-af06-938ae99a3629,7b798d40-aedf-435c-a69a-22f3e602003f,,Shopzilla is useless,-0.4215,,730.69,Books,Inbound,1,True
e3343aa5-fc3d-4caf-8442-abbee741d7bf,ce0bdd67-86de-4ec6-afd3-1103e153f1b5,,Poor performance in last six month of Shopzilla,-0.4767,,471.73,Sports,Inbound,1,True
d3c2e818-9aaa-415f-8cfd-5bd38486974a,6aa302e3-26a0-420c-800b-82d4bd820ac1,2023-08-26 00:10:00,Return experience is very poor,-0.5256,29999.0,176.12,Beauty,Outcall,1,True
6e8cf080-376f-4833-8fd9-69cc2de78c44,7f55659f-8b3d-429b-a844-204bffd7933b,2023-08-21 13:10:00,She understand my problem and raise my complaint,-0.5994,289.0,195.83,Beauty,Inbound,5,True
7b1b5fde-21a7-4173-b0c4-8fa59dcb4d70,cd46a233-234e-4121-b766-a5f4c9201825,,Very bad customer service,-0.5849,,1702.78,Electronics,Inbound,1,True
0cd943b4-cc16-4422-8f93-d6f47896199f,771fde1b-700d-4a34-b0c0-5e4b2ae1a8ed,15-07-2023 14:50,Why do I have to suffer by seller default. I am tired of the pathetic service by Shopzilla and the  . Please provide me refund and take your faulty product.,-0.8779,2199.0,13.27,Books,Email,4,True
ce41e9ba-0f35-4786-8586-ab3d6451c232,97c56fc7-6e3a-492b-b8ff-600cb685b853,2023-08-04 11:01:00,They just read the scripts and has no interaction with the logistics team. They can't tell or know whats going on. Bullshit service. Actually its Shopzilla bullshit service not the CX team.,-0.8689,69999.0,177.15,Sports,Inbound,1,True
e824cf8c-6773-4bf3-980a-6e2af4363df3,386a342e-8cb8-46ea-be4e-6fedb140af20,,Nothing. Excellent service.,-0.4585,,1155.06,Clothing,Inbound,5,True
b363bf77-ee69-4e7a-9378-08c928f71471,e9b4f792-b4ac-4123-bab5-2458ba453e73,,Policy bad,-0.5423,,745.02,Sports,Outcall,5,True
31e9b294-7513-4b43-bb8b-6b62a6397b2a,bad4b65e-ea0b-4269-81e9-4b53b22a2d1e,08-03-2023 23:46,"Worst setup, many complaints I raised but no responseI",-0.7351,1299.0,56.59,Electronics,Inbound,1,True
377909da-10aa-47da-bd39-7fe6a2cf7c0c,73c0e2a3-6f81-42c7-affa-1380a38374ac,,The product was the worst . The installation service was pathetic. If the concern isn't resolved legal actions would be taken.,-0.8654,,339.81,Electronics,Inbound,4,True
0d59b389-018b-416a-8ab4-4900fe774dc4,c91409b8-e814-44e2-b74f-08cc69b89a5e,2023-08-05 22:43:00,"You have not resolved my issue,its been more than 12 days.. I've been given fake promises and hope that my return would be approved but still nothing. The customer care constantly lied to me.",-0.6706,3749.0,251.18,Automotive,Inbound,1,True
4abb35f6-921c-4c73-8473-c5f64be1f61e,5070b023-092f-4d59-a455-66986ddb0b78,15-07-2023 06:32,You cheat me,-0.4588,695.0,119.12,Electronics,Inbound,1,True
ff9bb4e5-d4dc-4e4d-bbb9-4c89c96dae37,3a04cb63-b35b-4191-a27f-871887208760,,I all time satisfied by Shopzilla customer care executive but very bad experience with e   delivery boy's and I wanna tell you I break my relationship with Shopzilla only resion is e   delivery boy's,-0.4921,,734.11,Books,Inbound,5,True
0660acff-8a25-4ff2-ada7-0fe1c6913853,4e8f639c-79bc-4648-9c00-4f7abb200624,05-08-2023 06:53,Waste fellow,-0.4215,101.0,510.2,Home & Kitchen,Inbound,1,True
ce71e262-11da-4abc-bd75-749a41718deb,5f01f82c-e300-415e-9e45-bf3b9b951a5f,,service of your delivery partner i.e.   is highly disappointing,-0.5413,,259.47,Beauty,Inbound,1,True
8e73ca27-4ed5-49e6-a108-149cec90a49e,b3e7c21f-8aaf-4c58-b312-1d4df80ac47c,2023-07-25 20:40:00,Bad behaviour by  courier surface boy..Im very angry with his behaviour when he was came for delivery,-0.796,7299.0,190.48,Sports,Inbound,2,True
9ebbbd56-74c5-46d6-8c38-0dbcdf5b819f,c8e6053b-0789-418c-acb1-05938c332501,,Very bad and waste of time,-0.7818,,1075.95,Sports,Inbound,1,True
198c2094-1bf2-4e29-a8dc-132d6eaa5a75,37a50006-af2d-4d61-af05-7db04bba47aa,06-08-2023 10:38,Not trying to understand the issue.. Speaking rudely,-0.4939,32990.0,1437.63,Beauty,Inbound,1,True
4690bf60-2f8c-4c04-a591-400222e0fb00,3db26f65-7f16-4817-aeb5-143b18e0382a,2023-08-04 09:23:00,Worst service first time i get from your company,-0.6249,569.0,132.42,Books,Inbound,1,True
521065ab-723a-40fa-9e2a-3e61d014b592,119f2e1d-5d12-4ae0-a04d-99cf1815cfc7,,Very bad service my product is cancelled by seller without my permission.And customer care tells my product will be delivered.They tells wrong information to me,-0.6901,,210.39,Home & Kitchen,Outcall,1,True
10335050-4be0-42f0-af54-c54c6a22425e,bd510005-c151-495f-8e40-1c91a8b47f8b,09-08-2023 10:08,Horrible customer support from Shopzilla as always. Never satisfied with your resolution,-0.4822,178.0,283.04,Electronics,Outcall,3,True
670438ab-011c-4458-bdd3-0f16cde4017d,fa383030-9f68-446f-ad53-4b00e86de18e,2023-08-08 01:07:00,An action needs to be taken against the seller for unfair cancellation of the order.,-0.4767,15999.0,12.48,Automotive,Inbound,1,True
a0983506-c30d-4f59-ad4f-f4db9c59c128,9b70e386-f542-4f7f-aa45-b190231b99b9,2023-08-08 09:58:00,"Please change your exchange policy eles it's really matter for the next purchase of the customer. As this is a online platform when we buy a product it might not be like after the delivery when we unboxing the product. But now you don't have the option of refund or exchange policy for dislike the colour or dislike the product,only damage or defective product can be change through service center exchange policy. If this is so then why we buy a product in online we buy it from local shop there we get that exchange policy and here we see the product in real. Please think about your policy. Next time I will surely think before buy nay product in your platform.I really like Shopzilla before this but next time I will surely think.Thanks with regards.",-0.77,3499.0,112.26,Books,Inbound,3,True
675aae7d-9e94-4704-beb3-af584ce4035a,5775b8ea-d907-4e27-bc6c-6428f6f9cbb7,,Time was wasted,-0.4939,,770.56,Books,Inbound,1,True
5c797a8e-59c1-445c-9e53-268851b18932,c737e8bd-6628-415a-b0a4-bd0606dbd29c,24-08-2023 19:48,I am not satisfied and you also delayed my order,-0.4993,397.0,22.68,Books,Inbound,1,True
9191d058-80f3-4d30-b09f-52f2b4c7e4d8,ba7a4326-ea4d-42b7-ad56-8e98d98e2765,2023-08-12 19:56:00,Very bad,-0.5849,15999.0,11.97,Books,Inbound,1,True
b4a253bc-3ca8-41ed-aab1-0de8ce013aa4,d5c9cd28-7c6b-41b1-ba35-a8ee5669a584,,Terminate delivery charges. Many times I just cancel my order due to the delivery charges,-0.6369,,1531.39,Clothing,Outcall,3,True
46043fd3-f045-4fb1-b672-a3ea4c904b43,947fdbe7-38ef-4768-87dd-660101257047,12-07-2023 22:06,Costumers serviece very bad communication,-0.5849,2099.0,57.94,Books,Inbound,1,True
0aa0a192-77b0-4f71-ae50-090ade35eb90,868e8bd5-1020-47a1-95e6-c154c81e6845,2023-08-07 21:14:00,Shopzilla has very very very poor customer service. Very much disappointed. My issue wasn't resolved still now,-0.833,188.0,289.11,Books,Inbound,1,True
af55fa0c-ae5a-4fab-be2c-0a3bb442038c,0d2cb383-193e-48a3-835c-d11ef4731a4e,07-08-2023 10:33,Very bad,-0.5849,395.0,1594.62,Clothing,Inbound,1,True
d7371049-6388-4fe3-9e8d-3267549b535e,a53d3db6-d35e-41f3-acf6-90421e6a27e6,09-08-2023 21:25,Bad,-0.5423,879.0,85.48,Books,Inbound,1,True
6a283575-a62c-45d6-a980-afd0592d8563,8a9f5d53-fd7e-4851-8607-cdcfab9132ab,08-08-2023 03:46,Some of your customer executives are very bad,-0.5849,439.0,224.27,Clothing,Inbound,5,True
8562cc8e-b5b6-408c-85c7-00f4c248a63b,12abf28a-46a9-4c55-8e1d-af2e75040a15,,Bad service,-0.5423,,1436.63,Sports,Inbound,1,True
8e5e3686-330b-4ce0-b958-76f092c3668d,92f8ed0f-b5b6-404b-93a0-1ef0d317c7be,,Waste of money and time,-0.4215,,615.71,Beauty,Outcall,1,True
fb76bab8-0ce3-4f73-b591-7d2290850e01,e39d6479-b9f6-4117-a237-d203122f32f3,2023-08-06 22:51:00,My Last pic up product have scratches and music system voice is not up and down and then I had return this product but Shopzilla prosser is dull,-0.5499,3299.0,285.96,Automotive,Inbound,4,True
de4456cd-a1f5-4668-9994-75079c3d68ea,7a7320b1-809a-40ff-be56-1738c5b945c4,,Not to slove my problem,-0.4019,,887.8,Sports,Inbound,2,True
62db6352-5741-42af-8705-ab79b3a564ef,5e537c2a-57f5-407f-9d74-490c2085349e,,Worst service provide by Shopzilla,-0.6249,,1819.43,Books,Inbound,1,True
b034280b-04ee-4dcf-8d2e-cfd8e2f85913,6436e067-8a7f-4b6e-8a0f-990a9819e676,,This agent disconnected my call after putting it on hold for 2 minutes. Pathetic experience. Didn't receive a call back too.,-0.5719,,981.75,Electronics,Inbound,1,True
fbd6cb4b-7d17-44f4-aaee-75da1042ba99,6ba7e365-34b2-4bfc-9232-11c14201956e,,Customer executive was rude and disconnected  the call,-0.4588,,454.78,Beauty,Inbound,1,True
387f856b-f081-4f80-9d88-396374613749,d5f925d2-1848-4f2d-9228-54ede84e2b91,2023-07-11 21:35:00,Worst,-0.6249,1499.0,121.29,Clothing,Inbound,1,True
855d0b45-73fe-4b56-882f-d54fba26538f,c77adce3-fdec-46ee-9888-f718bb405079,,Disgusting,-0.5267,,1883.32,Automotive,Email,1,True
b77190e9-992d-49a0-97a2-d9ae7fbc3bb7,327c9696-c191-47d2-9e56-58c553ff7711,,Bastard executive third class service by Shopzilla,-0.5423,,695.19,Home & Kitchen,Outcall,1,True
d59f7c03-7418-4c3f-9bc0-892d789ca016,0473a314-daca-4ec6-ae22-519ddf917dfb,,The product you will not return then please don't shell your app company not help costmar,-0.4973,,612.62,Home & Kitchen,Inbound,4,True
3dbb199e-4a7b-4c3f-974c-eb10fdcfb64f,a43d75d1-01b3-4aa0-91d1-3ed5f605dff7,2023-08-12 18:15:00,Mera order time pe update nahi   hai or aaj ka dilevery date hai or fir bhi koi update nahi aa raha hai agar aaj   hota hai to order cancel karna padega very slow dilevery Shopzilla very fake application not dileverd order timeli ????,-0.7471,39999.0,157.73,Books,Outcall,1,True
9020bcbd-960f-454e-9d2c-f0974e4a0ca4,d39153f5-cdbd-42d9-a342-7ec598198428,,Very poor will complain,-0.7316,,702.47,Beauty,Inbound,1,True
3788e075-a4d9-43be-885a-60b4e493a94b,76cd1d4c-cf8b-483a-89d4-57d77677e6c4,04-08-2023 15:54,For Defect On Arrival scenario it is should be obvious return/replacement. I should not spend time talking to customer service agent for 15-20 mins!,-0.4003,3955.0,171.77,Home & Kitchen,Inbound,4,True
f12b312d-0cb0-4315-a72e-e3a5ad296894,b415adb7-ea4b-421f-baab-67134ba11602,05-08-2023 20:07,Bad behavior,-0.5423,32999.0,523.0,Clothing,Inbound,1,True
f6fff1ae-70a8-46e4-b079-46f8529a8c39,caf317d3-4453-45cb-8033-8e9c6b12be70,20-07-2023 15:05,Very bad,-0.5849,8499.0,1064.42,Sports,Email,1,True
1dcd8e6e-b81b-420c-bb89-068a1e936600,ab62f018-585b-445b-a509-17f43bc57916,,Shopzilla are liars don't no to resolve issues,-0.5713,,260.62,Home & Kitchen,Inbound,1,True
df321128-e6dc-40e6-bfcb-8083df9d8df5,af075727-2b72-47b0-87e9-043370c21d8f,05-08-2023 23:20,"Customer is not happy with delay in delivery and wants to cancel, executive not cancelling..worst policy.worst delivery. Pl cancel and initiate refund.",-0.6169,24999.0,1658.36,Beauty,Email,1,True
ddba9757-2129-4b8e-90c0-e74e116c39d6,02bf6d44-2bf3-4fa6-9912-2bcf01de743a,2023-07-20 01:39:00,fraud sala,-0.5859,810.0,199.32,Beauty,Inbound,1,True
7f07ee51-a034-4072-b3af-cce9b9aa4133,daad7769-2024-45dd-a789-6f93bab12ee8,02-08-2023 15:11,Very bad,-0.5849,749.0,175.01,Sports,Inbound,1,True
65d972fc-5f47-40b0-889f-7ff142d22a1c,2843cbe5-f500-4918-8ef3-7eff0a55f690,2023-08-12 09:56:00,"They are skipping from my complaint,they said that,our back-end team will call or they stick what they to do and toatally waste and worst workmanship",-0.7845,2100.0,151.75,Automotive,Inbound,1,True
5038f7b3-841d-4c7d-830a-8caa2bdb49e1,46e0e4c7-3035-487f-a06a-80b6fd30e543,,dilevry very late I am not happy,-0.4585,,534.33,Books,Outcall,5,True
fbf606ee-fe55-48f6-a222-be5883d997d2,424d7daa-8f34-4d16-9d79-1c075689c723,15-08-2023 19:44,To Return my product is worst experience I'm facing right now.resolve it as soon as possible.,-0.6249,13990.0,130.92,Electronics,Inbound,3,True
869ccd03-dc3b-4073-95c8-ce7417bd487a,78fddb14-6334-4d1c-9273-cb0ceb089365,08-11-2023 18:20,Not adequate support,-0.4449,292.0,1916.17,Clothing,Inbound,2,True
57f61380-e4d4-418f-a20b-07943cdd7ff6,3f632c5a-b923-4eb0-b290-0cf98797090d,2023-07-04 13:40:00,You sell fake products and make fraud,-0.7845,449.0,892.52,Electronics,Inbound,5,True
7e7cb97c-4b6c-43fb-b5e5-1fca4a2034c8,64a665d7-b0e9-4100-b3e8-ef9575ece7fe,2023-08-07 18:32:00,Not happy,-0.4585,58990.0,52.62,Books,Inbound,1,True
fc0fa7d8-74fb-401c-b264-cd5a221cee23,7e1a6054-c346-4208-a8be-16d0e0d7d976,2023-08-07 20:18:00,Unprofessional,-0.5106,31999.0,665.27,Automotive,Email,1,True
dd8ac70a-3fc4-460a-b12e-cdd5b88efb85,b8a715da-2407-4aec-8728-bfacb3718180,21-08-2023 19:06,Cheaters and fraudsters,-0.743,14499.0,608.91,Automotive,Inbound,1,True
88cae2ee-4e7e-4267-a8ca-ece93df18a6b,3ed2abbb-a6fa-4996-a6c3-2c2bb5b0e71b,2023-08-04 17:51:00,very poor service,-0.5256,27999.0,32.06,Books,Inbound,1,True
b3211981-082e-4fef-8c18-057384acb027,6ba8b212-f73b-4696-a42a-183a37361117,05-07-2023 20:53,Shopzilla ghatiya market place seller duplicate product Sale customer support team is not help provide very poor feedback,-0.4499,22999.0,476.38,Beauty,Email,1,True
598e293a-22be-409a-bc79-8193619c6363,b53ee33e-aad0-4ec0-ab90-7fe8bbbda2d8,2023-07-20 18:45:00,I didn't get my refund.Delivery man scamed with me.Delivery man is rude.,-0.4588,298.0,44.08,Books,Inbound,1,True
218f6694-0de7-41dd-acdb-36e116251830,87594a23-3b3e-4603-af6e-112e71f354c5,,Very poor,-0.5256,,719.01,Electronics,Inbound,1,True
bdcd85a6-587a-4097-bae8-867da3289efc,b4b9bf6b-c6a5-4564-a7ed-401c9a5e4cfe,,Unhappy,-0.4215,,339.72,Home & Kitchen,Inbound,1,True
a49b4af4-4a69-4e4b-b4ea-cc7ef931ed37,d22c8286-229a-4c82-963b-2db0ca4d70dc,04-08-2023 14:03,Very bad,-0.5849,30990.0,57.98,Electronics,Email,1,True
5185b01e-7933-4b95-ada1-ae8d30341302,dfb655b5-21ba-4bb0-9657-b714347faf01,,Executive has no right to solve the problem. Just asking the problem but they don\u2019t have solution due to pathetic third class policy of Shopzilla. SuperBuy is far better than Shopzilla. Even you guys are hiding negative reviews and making fool us,-0.9306,,510.8,Books,Inbound,1,True
e56534d1-cd94-45d6-8da1-7702874779c1,7f5d0a54-6a8a-4db7-bfe6-732687e5ee9d,2023-07-27 05:26:00,Very poor knowledge and talking sence was about zero completely frustrated to talk to her nonsense,-0.8685,1274.0,89.07,Automotive,Inbound,1,True
b01ae2a4-b976-4bf7-880f-a1722e0e8c2a,3060ad45-f73c-42b4-84cb-53c65b687a4f,2023-08-28 15:42:00,Bhut bad hai,-0.5423,1699.0,65.51,Electronics,Inbound,1,True
88088b46-6075-445a-a4d5-59c53d2ff454,8465e0bb-8f2e-4f25-b34d-b96924338b69,,Bad experience,-0.5423,,288.09,Clothing,Inbound,1,True
f725d8ed-3341-4134-935d-7a79615fa3af,f2b9d0e5-94e8-4e69-b268-10766d4fd8af,03-08-2023 15:23,So far worst service from Shopzilla to replace the defecting item that was initially shipped and holding my amount for a long time airh worst customer service support,-0.8707,31990.0,366.01,Clothing,Inbound,1,True
cd3fc5ba-be01-4df7-a0d1-e796855a65fa,9eb5a989-7a05-43e3-acd9-432c11d69582,,Wrong information kyo dete,-0.4767,,538.24,Books,Inbound,1,True
4dc6feee-2cd6-4bc8-99db-dadb8b23a265,a757e830-7856-46d5-9b42-8524f1004c2b,,Sending a broken product under not returnable category is completely unacceptable.,-0.7501,,652.95,Sports,Inbound,1,True
43e06d54-eee1-4261-a2be-35d7828aed0a,6199e18e-04b9-4ec5-bc3f-be36b378d4f7,2023-08-07 01:16:00,Very bad service by Shopzilla,-0.5849,379.0,235.77,Sports,Inbound,1,True
1a19ee72-cedb-4247-b209-5091381129df,e6cd71a4-abf4-4a41-80ee-47961fcce8c0,01-08-2023 22:14,Your executive have picked up mattrace for return the order by today but status in system is not changed. Kindly update the status on website immediately.,-0.5334,3134.0,778.39,Sports,Inbound,5,True
3ee55b87-1867-4a89-a3e9-91aa223d5c97,a8ec8d1b-72b5-4e2d-b292-47c667e8cda0,22-07-2023 20:03,Fraud company,-0.5859,21999.0,1043.91,Home & Kitchen,Inbound,1,True
f87add98-15e5-46fd-a0bd-7db3ab14c8cb,9122abfa-4a38-4965-ad65-96f8af9c3585,,Please check properly before adding any seller in Shopzilla. Sellers are not professional and they make customers fool. I am really disappointed with the seller and it created dissatisfaction with Shopzilla. Going forward due to seller behavior and unprofessional approach I have to think twice before placing any order from Shopzilla. Might be I will not place any order from Shopzilla as it created trust issues.,-0.6361,,780.87,Sports,Outcall,5,True
dc0916d4-ac03-4c80-9062-1c699770e43a,4fe7910b-ad19-4ab0-9766-f841d62d7a30,06-08-2023 01:30,not properly tracking available and delay my order and no reason properly tocking service not proper time to time no delivery,-0.6908,4379.0,161.59,Sports,Inbound,1,True
49224772-a9b8-478f-b980-20f18c889f45,e41445fe-4838-4a2d-b605-11a0ccbbd7e7,,"Vary bad service,",-0.5423,,645.63,Beauty,Outcall,1,True
665a465c-9a7f-4f0a-96d5-87c015592553,6069016c-988d-459f-b4ec-d788c81b7fc3,2023-08-11 11:18:00,Stop wasting the time of customer's. This is 2nd order where I am struggling.,-0.7717,2149.0,116.42,Sports,Inbound,1,True
5046a890-7f16-475b-85b4-f38790a18ccc,be7e424a-7d54-4997-b15e-3facad905527,2023-08-04 08:34:00,I am writing to express my extreme disappointment with my recent shopping experience on your platform. but my latest encounter has left me frustrated and dissatisfied.,-0.8793,23999.0,695.49,Clothing,Email,1,True
aaf1df66-9119-41d9-8dd9-2197b2c7d929,421ec0d7-70a6-4533-a4f2-6e0851804564,02-08-2023 16:31,Very Bad Service Shopzilla Here after i will not order anything from Shopzilla..,-0.5849,892.0,281.89,Home & Kitchen,Inbound,1,True
5b7a2ce3-8fd4-441d-a108-4b8ebfb6efc3,5a1fa0a0-46c0-4781-a8ed-8a2936c15ebe,15-08-2023 14:06,Disgusting customer service they provide same info available on app,-0.5267,17490.0,185.83,Electronics,Inbound,1,True
e3a0b0a0-9e8a-4b3c-b547-9480283f2747,f7f586ab-7545-411e-b5de-8eab0e95498b,2023-08-05 13:47:00,Very bad bad experience,-0.8218,1032.0,199.74,Beauty,Inbound,1,True
70758d17-4303-4ff0-ab4e-6c7c8eeb0394,efcc469a-ab64-4bcf-9dda-8b4fed860d74,,Issue very long but extra timing product issue not resolve plz fast resolve issue problem plz thanx to support Shopzilla,-0.7366,,240.84,Automotive,Inbound,2,True
7eea49b0-46c1-4a77-8425-199ac556ebfa,27423228-8600-4a54-bb32-280995c10d9b,,Not happy with my last purchase,-0.4585,,359.83,Automotive,Inbound,5,True
caff7e8a-79f4-45fb-b9c3-6b6d817bc108,4f541c09-4390-4981-9eee-16bc857a5183,,That executive of Shopzillashared me wrong  .She communicated me that she had escalated the issue but in reality my return was cancelled due to serial number mis match that is not my fault again have initiated return proscess due to your ineffecient customer service executive.For an advance payment prpduct under any circumstances this is not accepted.Being a bonafide  customer of Shopzilla this type of action from Shopzilla is not at all appreciated.,-0.5812,,787.46,Automotive,Inbound,1,True
ae31dee0-e2e0-4edc-8de9-68978cfc810f,8fc04a05-54db-4d57-aa2e-d0662771a2c2,17-07-2023 00:02,Very bad service of Shopzilla,-0.5849,421.0,1828.63,Clothing,Inbound,1,True
22d04953-0469-4985-8166-644c12b754c9,3c2d4a87-2a06-4bcc-a053-53bbaf5dad8b,2023-08-07 23:54:00,She hang up the call on my face without any resolution. Even many times and Shopzilla are pathetic with their customers who don't provide resolutions.,-0.5719,2069.0,88.39,Beauty,Outcall,1,True
4d7aa6f2-ea93-43f8-b07a-59961e8ef464,31695224-e2ba-4a3e-8afa-0c0939526846,2023-07-23 14:19:00,Very poor Shopzilla,-0.5256,260.0,86.74,Books,Email,1,True
1e94d65f-bacd-4c7d-b47d-cf2dcaed5601,140fa2fa-7b9f-44bf-a03e-6b8594346892,,The no. of items in a parcel should be rechecked so that there are no inconveniences caused. As i have received a parcel in which one item is missing,-0.6808,,617.22,Books,Inbound,5,True
0a6805ef-9d12-4b03-bb1f-bad572eaa67d,2585e53c-8774-4820-b282-cbec11eaef2b,2023-08-26 22:29:00,Very very poor service from Shopzilla,-0.5678,15999.0,125.17,Electronics,Inbound,1,True
4d81d782-7ac1-4850-a7ef-7a78ae9969b1,4a277bcd-88f1-46ce-9238-b818e33c4a86,,Product missing related complaint option provide on app.,-0.5267,,411.74,Home & Kitchen,Inbound,5,True
116a294b-d95b-495f-ab92-e2aadf9e31de,c3a74e15-30cd-4079-8861-4041d490dec7,2022-10-23 14:58:00,"Very bad experience my issue is not solving,I try many times but not solved yet my issue",-0.5599,494.0,189.38,Electronics,Email,1,True
3a8f18f9-9edb-4151-a8ac-fd1c15d5a95e,b524b2f5-90fc-4ce1-b952-6a1f0934fd63,,Worst customer service executive ever,-0.6249,,268.31,Electronics,Inbound,1,True
315f1fbf-06f7-4798-80bc-c7d6b3d8cc3c,3cc196cf-e55e-4f18-95d2-37e37cd9df8e,2023-07-05 16:48:00,"You are totally wasteCheater, Fraud",-0.6222,299.0,20.48,Electronics,Inbound,5,True
de108277-048c-4503-ba30-ba754468ddbc,89cdedc0-a4e1-4beb-8ecc-eac4cbe2c3f2,09-08-2023 22:04,There must be some action against such traders who are selling defective items,-0.4404,999.0,302.83,Clothing,Inbound,5,True
0f62fb59-7cce-4704-9b85-f764b140214b,218b225b-8215-40a1-be63-2c200b24d119,2023-08-04 18:07:00,Pathetic,-0.5719,26999.0,214.29,Sports,Inbound,1,True
a4490fa1-fe2d-4f6d-8cd3-7c66af862e1f,2de33025-3ce9-4e6e-b889-e18cc817d8b0,2023-08-26 10:44:00,Make it faster to get resolution on my product damage,-0.4939,12990.0,546.31,Beauty,Email,1,True
